{
  "config": {
    "configFile": "/Users/nicolasbustamante/aegis-climate/frontend/playwright.config.ts",
    "rootDir": "/Users/nicolasbustamante/aegis-climate/frontend/tests/e2e",
    "forbidOnly": false,
    "fullyParallel": false,
    "globalSetup": null,
    "globalTeardown": null,
    "globalTimeout": 0,
    "grep": {},
    "grepInvert": null,
    "maxFailures": 0,
    "metadata": {
      "actualWorkers": 1
    },
    "preserveOutput": "always",
    "reporter": [
      [
        "list",
        null
      ],
      [
        "json",
        {
          "outputFile": "/Users/nicolasbustamante/aegis-climate/qa-results.json"
        }
      ]
    ],
    "reportSlowTests": {
      "max": 5,
      "threshold": 300000
    },
    "quiet": false,
    "projects": [
      {
        "outputDir": "/Users/nicolasbustamante/aegis-climate/frontend/test-results",
        "repeatEach": 1,
        "retries": 0,
        "metadata": {
          "actualWorkers": 1
        },
        "id": "",
        "name": "",
        "testDir": "/Users/nicolasbustamante/aegis-climate/frontend/tests/e2e",
        "testIgnore": [],
        "testMatch": [
          "**/*.@(spec|test).?(c|m)[jt]s?(x)"
        ],
        "timeout": 180000
      }
    ],
    "shard": null,
    "tags": [],
    "updateSnapshots": "missing",
    "updateSourceMethod": "patch",
    "version": "1.57.0",
    "workers": 5,
    "webServer": null
  },
  "suites": [
    {
      "title": "app.spec.ts",
      "file": "app.spec.ts",
      "column": 0,
      "line": 0,
      "specs": [
        {
          "title": "end-to-end happy path",
          "ok": true,
          "tags": [],
          "tests": [
            {
              "timeout": 180000,
              "annotations": [],
              "expectedStatus": "passed",
              "projectId": "",
              "projectName": "",
              "results": [
                {
                  "workerIndex": 0,
                  "parallelIndex": 0,
                  "status": "passed",
                  "duration": 5541,
                  "errors": [],
                  "stdout": [],
                  "stderr": [],
                  "retry": 0,
                  "startTime": "2025-12-22T21:46:20.936Z",
                  "annotations": [],
                  "attachments": []
                }
              ],
              "status": "expected"
            }
          ],
          "id": "c31ff144dc4fee3acd0a-9d2af091e3dd1d3ef6d7",
          "file": "app.spec.ts",
          "line": 8,
          "column": 1
        }
      ]
    }
  ],
  "errors": [],
  "stats": {
    "startTime": "2025-12-22T21:46:20.554Z",
    "duration": 6321.449,
    "expected": 1,
    "skipped": 0,
    "unexpected": 0,
    "flaky": 0
  }
}